name,mu
x,0.10198777065949453
yhat,0.03925482748084731
